ReportJobTypeId,StartTime,EndTime,ProcessingTimeInMs
00000000-0000-0000-0010-000000000000,1.46593E+12,1.46593E+12,36154
00000000-0000-0000-0001-000000000000,1.46593E+12,1.46593E+12,112308
00000000-0000-0000-0008-000000000000,1.46593E+12,1.46593E+12,1978
00000000-0000-0000-0002-000000000000,1.46593E+12,1.46593E+12,3106
00000000-0000-0000-0003-000000000000,1.46593E+12,1.46593E+12,26559
00000000-0000-0000-0007-000000000000,1.46593E+12,1.46593E+12,8434
