ReportJobTypeId,StartTime,EndTime,ProcessingTimeInMs
00000000-0000-0000-0010-000000000000,1.46596E+12,1.46596E+12,39596
00000000-0000-0000-0001-000000000000,1.46596E+12,1.46596E+12,112423
00000000-0000-0000-0002-000000000000,1.46596E+12,1.46596E+12,2759
00000000-0000-0000-0007-000000000000,1.46596E+12,1.46596E+12,8644
00000000-0000-0000-0008-000000000000,1.46596E+12,1.46596E+12,2127
00000000-0000-0000-0003-000000000000,1.46596E+12,1.46596E+12,26563
