Top,Bottom,Left,Right
37.3918615,37.39174226,-121.9590677,-121.9589069
37.39174226,37.39162421,-121.9589069,-121.9587461
37.39162421,37.39150731,-121.9587461,-121.9585853
37.39150731,37.39139152,-121.9585853,-121.9584245
37.39105055,37.39093892,-121.9579421,-121.9577813
37.39082827,37.39071857,-121.9576205,-121.9574597
