ReportJobTypeId,StartTime,EndTime,ProcessingTimeInMs
00000000-0000-0000-0001-000000000000,1.46593E+12,1.46593E+12,116911
00000000-0000-0000-0007-000000000000,1.46593E+12,1.46593E+12,11199
00000000-0000-0000-0002-000000000000,1.46593E+12,1.46593E+12,6464
00000000-0000-0000-0003-000000000000,1.46593E+12,1.46593E+12,505371
00000000-0000-0000-0009-000000000000,1.46593E+12,1.46593E+12,98059
00000000-0000-0000-0008-000000000000,1.46593E+12,1.46593E+12,3749
00000000-0000-0000-0010-000000000000,1.46593E+12,1.46593E+12,35272
